group,subgroup,number,title,A-GÖ,A-H,A-HE,A-KN,A-KR,A-LA,A-M,A-SEI,A-Wdtö,A-Wgm,A-WIL,A-Wn,A-Ws,CZ-Pak,CZ-Pkřiž,CZ-Pn,D-B,D-Dl,other,KliCh,PesMa,ReiMa,VogIn,BalTh,literature,editions,notes
A,,1,Missa in feriis Rogatorum,,,,454/1,,,,,,,,,,,,,,,,Masses 47,A2,26,A.I.18,,"@KlosterneuburgInvA [p. 2, no. 2], @KlosterneuburgInvB [p. 113, no. 1], @KlosterneuburgInvC [vol. 1, p. 20, no. 121]",,
A,,2,Missa,,,,454/2,,,,,,,,,,,,,,,,Masses 8,A3,25,A.I.17,,,,
A,,3,Missa,636,"A.2.172, B.2.166",,,,,I/9,,,,,,,,,,,,,Masses 26,A5,40,A.I.38,,"@MelkInv [vol. I, no. 9], @Riedel1979 [p. 104], @Freeman1992 [p. 48]",,A-H source lost
A,,4,Missa,,,,,,M 364,,,,,,,,,,,,,D-MT Mus.ms. 1738,,,,,,"@Sherman2001 [p. 73, 362]",,
A,,5,Missa,,,,,,,,,,I 11559,,,,,,,,,,Masses 22,B1,35,A.I.33,B.I.11,,,
A,,6,Missa,,,,474/1,,,,,,,,,,,,,,,,Masses 33,B2,58,A.I.45,,"@KlosterneuburgInvA [p. 11, no. 60], @KlosterneuburgInvB [p. 113, no. 8]",,same Gloria as A.12
A,,7,Missa,638,"A.2.170, B.2.164",,,A 44/134,,I/10,,,,,,,,,,,Mus.2968-D-503,,Masses 38,B3,60,A.I.51,,"@MelkInv [vol. I, no. 10], @Riedel1979 [p. 104], @Freeman1992 [p. 48], @Bartos2018 [p. 291]",,A-H source lost; only A-M source complete
A,,8,Missa pro festivitate Sancti Leopoldi,,,,475,,,,,,,,,,,,,,,,Masses 51,B4,19,A.I.9,,"@KlosterneuburgInvB [p. 113, no. 5]",,
A,,9,Missa,637,"A.2.171, B.2.165",,,B 12/316,M 459,I/11,,,,,,,,,,,Mus.2968-D-511,,"Masses 15, Masses 56","B5, D3",50,"A.I.25, A.I.31",,"@MelkInv [vol. I, no. 11], @Riedel1979 [p. 104], @Freeman1992 [p. 47]",,A-H source lost
A,,10,Missa,,,,475/2,,,,,,,,,,,,,,,,Masses 17,B6,52,A.I.27,,"@KlosterneuburgInvB [p. 113, no. 6]",,
A,,11,Missa Sanctae Elisabethae,626,"A.2.138, B.2.138",,,,,,,,,1093,,,,XXXV B 3,XVI C 63,,,"A-Wps 42 | CH-E 297,3 | SK-BRm box 526, inv.no. 3222",Masses 18,B7,53,A.I.28,B.I.6,"@Horvath1971 [p. 317], @Mitterschiffthaler1979 [p. 236], @Riedel1979 [p. 103]",,A-H source lost; CZ-Pkřiž old signature: 168
A,,12,Missa,,"A.2.143, B.2.143",,456,A 3/15,M 363,,,,,,,,,,,,Mus.2968-D-502,,Masses 30,B8,57,A.I.42,,"@KlosterneuburgInvA [p. 9, no. 4], @KlosterneuburgInvB [p. 114, no. 10], @Sherman2001 [pp. 47, 338], @Peschek1956 [p. 130-136]",,A-H source lost; page in A-H inventory missing (was available to Vogg and Peschek); same Gloria as A.6
A,,13,Missa,,H70,,A.45.4,,,,,,,,,,,,,,,,Masses 39,B9,21,A.I.d,,"@KlosterneuburgInvA [p. 45, no. 4], @HerzogenburgInvA [no. 2.141], @HerzogenburgInvB [fol. 42v, no. 2.141]",,page in A-H inventory missing (was available to Vogg and Peschek); A-KN source lost
A,,14,Missa brevissima,,"A.1.118, B.1.115",,453/1,B 39/570,M 457,,,,,,,,,,,,,,Masses 1,C1,7,A.I.2,,"@KlosterneuburgInvA [p. 45, no. 2], @KlosterneuburgInvB [p. 113, no. 2], @KlosterneuburgInvC [vol. 1, p. 20, no. 122], @BrtniceInv [p. 111, no. 1], @Strakova1963, @Strakova1965, @Sherman2001 [p. 47, 339]",,A-H source lost
A,,15,Missa Sancti Eustachii,630,"A.2.103, B.2.93",,453/2,,,,,,,,,,,,,,,,Masses 37,C2,61,A.I.50,,"@KlosterneuburgInvA [p. 45, no. 5], @KlosterneuburgInvB [p. 113, no. 3], @KlosterneuburgInvC [vol. 1, p. 20, no. 123], @BrtniceInv [p. 110, no. 4], @Strakova1963, @Strakova1965, @Riedel1979 [p. 103]",,A-H source lost
A,,16,Missa all’Onor delle cinque Piaghe,,,,,,,,,,,,,E 3/15c | E 3/19,,,,,,,Masses 61,C3,3,A.I.5,,@Czernin1995,,
A,,17,Missa Sancti Stephani,621,"A.2.14, B.2.17",,,,,,,(no shelfmark),I 27552,1094,Mus.Hs.18992,,,,,,,D-Mbs Mus.ms. 5520,Masses 34,C4,56,A.I.46,B.I.1,"@Mitterschiffthaler1979 [p. 236], @Riedel1979 [p. 102], @MacIntyre1984, @Bartos2018 [p. 262]",,A-H source lost
A,,18,Missa Sancti Joannis Evangelistae,,,,,,,,,,,,,E 3/24 | E 3/25,953 | 1322,,,,,,Masses 60,C5,10,A.I.12,,"@Czernin1995, @Opatrny2012 [p.347ff], @Stefan1985 [p. 246]",,
A,,19,Missa Veni Pater pauperum,,,,,,,,,,,,,E 1/17 | E 3/15a | E 3/22,,,,,,,Masses 65,C6,4,A.I.6,,@Czernin1995,,
A,,20,Missa consolator optime,,,,,,,,,,,,,E 3/15b | E 3/23,,,,,,,Masses 43,C7,2,A.I.4,,@Czernin1995,,
A,,21,Missa Auxilium meum,,,,,,,,,,,,,E 1/18 | E 3/15d | E 3/16,,,,,,,,C8,5,,,@Czernin1995,,
A,,22,Missa all’Onor e Preggio del Patriarcha,629,"A.1.49, B.1.59",VIII a 5 [600090623],A.45.1,,M 458,,E VII 3 f,,,,,E 3/20 | E 3/26,,XXXV B 19,,,,D-OB MO 811,Masses 53,C9,1,A.I.1,B.I.4,"@KlosterneuburgInvA [p. 45, no. 1], @BrtniceInv [p. 108d, no. 1], @Strakova1963, @Strakova1965, @Riedel1979 [p. 103], @Haberkamp1986 [p. 207], @Czernin1995, @Sherman2001 [p. 47, 339]",,A-H and A-KN sources lost; CZ-Pkřiž old signature: 1612 (6501?); A-HE copy comprises Gloria to Agnus of A.24
A,,23,Missa Sancti Thomas,619,"A.2.112, B.2.104",,,,M 397,,,,,,,E 3/17,1329,XXXV E 141,,,,,Masses 13,C10,27,A.I.23,,"@Riedel1979 [p. 102], @MacIntyre1984, @Czernin1995, @Sherman2001 [p. 47, 339], @Stefan1985 [p. 250]",,A-H source lost; CZ-Pkřiž old signature: 1205
A,,24,Missa patientiae,,,(n.s.),,,,,,,,,,E 3/18,,,,,,,Masses 50,C11,20,A.I.16,,@Czernin1995,,A-HE source only comprises Benedictus
A,,25,Missa tibi soli,,,,,,,,,,I 1997,,,E 1/19 | E 3/21,,,,,,,Masses 6,C12,11,A.I.13,,"@MacIntyre1984, @Czernin1995",,
A,,26,Missa Sanctae Theresae / Andreae,620,"A.1.52, B.1.61",,457,B 39/573,M 412,,E VII 3 e,,,,,,,,,,,D-OB MO 809,Masses 3,C14,23,A.I.7,,"@KlosterneuburgInvA [p. 45, no. 3], @KlosterneuburgInvB [p. 113, no. 4], @KlosterneuburgInvC [vol. 1, p. 20, no. 124], @Riedel1979 [p. 102], @Haberkamp1986 [p. 206f], @Sherman2001 [p. 47, 339], @Bartos2018 [p. 307]",,A-H source lost
A,,27,Missa Sancti Antonii,,,III a,,,,,,,,,Mus.Hs.19009,,,,XVI C 66 | XVI C 62,,,PL-WRu 62505Muz.,Masses 12,C15,29,A.I.22,B.I.2,"@BrtniceInv [p. 110, no. 9], @Eybl1996 [p. 56], @Strakova1963, @Strakova1965, @Sanders1973, @MacIntyre1984",,CZ-Pkřiž source (old signature 159) lost
A,,28,Missa,622,"A.1.51, B.1.60/62",,,,,,F XXIV 14,,,,,,,,,,,D-OB MO 810,Masses 2,C16,14,A.I.3,,"@Riedel1979 [p. 102], @Haberkamp1986 [p. 207]",,A-H source lost
A,,29,Missa Sancti Placidi / Offertoria,623,"A.1.108, B.1.100",,,,,,,,,,,,,,,,,,Masses 4,C17,15,A.I.8,,@Riedel1979 [p. 102],,A-H source lost
A,,30,Missa Sancti Mauri,624,,,,,,,,,,,,,1323,,,,,,Masses 62,C18,16,A.I.14,,"@Riedel1979 [p. 102], @Stefan1985 [p. 247]",,
A,,31,Missa Sanctae Elisabethae,632,"A.2.109, B.2.101",,A.45.6,B 39/572,M 456,,,,,1092,,Fonds Doppler 231,1327,XXXV B 9,VIII E 246 | XLIII D 100,,Mus.2968-D-507,CZ-Bm A 14652 | CZ-Pk A-I-R 1117,Masses 35,C19,44,A.I.47,B.I.8,"@KlosterneuburgInvA [p. 45, no. 6], @BrtniceInv [p. 110, no. 3], @Strakova1963, @Strakova1965, @Mitterschiffthaler1979 [p. 236], @Riedel1979 [p. 103], @Sherman2001 [p. 47, 338f], @Stefan1985 [p. 250]",,A-H and A-KN sources lost
A,,32,Missa Sancti Ignatii,625,,,,,,,,,,,,,,XXXV A 227,,,,CZ-Bm A 13070 | PL-WRu 62504 Muz.,Masses 5,C20,9,A.I.11,B.I.3,"@RajhradInvA [p. 14, no. 82], @RajhradInvB [p. 24, no.139], @BrtniceInv [p. 109, no. 4], @Strakova1963, @Strakova1965, @Riedel1979 [p. 102], @Tichy2014b",,CZ-Pkřiž old signature: 169
A,,33,Missa Sancti Eremberti,627,,,,,,,,,,,,,1317,XXXV B 87,XVI C 65 | XLVI A 270,,,CZ-Bm A 13073 | CZ-Nlob 526,Masses 59,C21,46,A.I.48,,"@RajhradInvA [p. 14, no. 83], @RajhradInvB [p. 24, no.141], @BrtniceInv [p. 109, no. 3], @Strakova1963, @Strakova1965, @Pulkert1973 [vol. 1, p. 278, no. 649], @Riedel1979 [p. 103], @Stefan1985 [p. 241], @Tichy2014b",,CZ-Pkřiž old signature: 158
A,,34,Missa Vale,,"A.2.107, B.2.92",,"A.25.10, A.46.7",,,,E VII 3 g,,,,,,1326,155,,,,CZ-ME 285 | CZ-Pu 59 R 6210,"Masses 31, Masses 64",C22,59,"A.I.43, A.I.m",,"@KlosterneuburgInvA [p. 25, no. 10, p. 46, no. 7], @BrtniceInv [p. 109, no. 5], @Strakova1963, @Strakova1965, @Stefan1985 [p. 243]",,"A-H, A-KN, and CZ-Pkřiž sources lost"
A,,35,Missa iucundare,633,"A.2.108, B.2.100",,,,,,,,,,,,1319,XXXV B 18,XVI C 67,,,,Masses 16,C23,51,A.I.26,B.I.9,"@Riedel1979 [p. 104], @Stefan1985 [p. 242, no. 1378]",,A-H source lost; CZ-Pkřiž old signature: 160
A,,36,Missa Sancti Francisci,634,"A.2.135, B.2.135",,,,,,,,,,,,,,,,,,Masses 11,C24,30,A.I.21,,@Riedel1979 [p. 104],,A-H source lost
A,,37,Missa Sancti Engelberti,,"A.2.140, B.2.140",,474/2,,,,,,,,,,1328,XXXV A 106,XVI C 64 | XLVI A 269,,,CZ-K 273 K I | CZ-Nlob 525,Masses 27,C25,42,A.I.39,B.I.7,"@KlosterneuburgInvB [p. 114, no. 9], @BrtniceInv [p. 110, no. 10], @Strakova1963, @Pulkert1973 [vol. 1, p. 278, no. 648, vol. 2, p. 76f], @Strakova1965@Stefan1985 [p. 249]",,A-H source lost; CZ-Pkřiž old signature: 156
A,,38,Missa nova Sancto Bertholdo sacra,,"A.1.185, B.1.180",,499,,,,,,,,,,,,,,,,Masses 7,C26,8,A.I.15,,"@KlosterneuburgInvB [p. 113, no. 7]",,A-H source lost
A,,39,Missa Sanctae Andreae,,"A.2.139, B.2.139",,,,,,,,,,,E 1/20,,XXXV E 140,,,,,Masses 25,C27,32,A.I.37,,@Czernin1995,,A-H source lost; CZ-Pkřiž old signature: 1168
A,,40,Missa Sanctae Elisabethae,,,,,B 39/571,,,,,,,,,1320,,,,Mus.2968-D-501,,Masses 52,D1,6,A.I.10,,@Stefan1985 [p. 245],,
A,,41,Missa,631,,,,,,,,,,,,,,,,,,,Masses 21,D2,28,A.I.32,,@Riedel1979 [p. 103],,
A,,42,Missa,635,,,,,,,,,,,,,,,,,,,Masses 19,D4,54,A.I.29,,@Riedel1979 [p. 104],,
A,,43,Missa Sancti Ambrosi,,"A.2.136, B.2.136",,,B 39/575,,,,,,,,,,,,,,CZ-Bm A 14819,Masses 32,D5,41,A.I.44,,"@BrtniceInv [p. 109, no. 2], @Strakova1963, @Strakova1965",,A-H source lost
A,,44,Missa gratiastis,,"A.2.111, B.2.103",,A.45.7,C 11/678,,,,,,,,,,,,,Mus.2968-D-505,,Masses 20,D14,55,A.I.30,,"@KlosterneuburgInvA [p. 45, no. 7]",,A-H and A-KN sources lost
A,,45,Missa,,,,,B 39/577,,,,,,,,,,,,,,,Masses 24,D17,38,A.I.35,,,,
A,,46,"Credo, Sanctus, Benedictus, Agnus",,,,,B 39/574,,,,,,,,,,,,,Mus.2968-D-510 | Mus.2968-D-516,,Masses 44,D19,39,A.I.36,,,,
A,,47,Kyrie et Gloria,,,,,,,,,,,,,,1312,,,,,,,,,,,@Stefan1985 [p. 240],,
A,,48,Kyrie et Gloria,,,,,,,,,,,,,,1316,,,,,PL-Wu RM 5158 | PL-Wu RM 5186,,,,,,@Stefan1985 [p. 240],,
A,,49,Missa Cantate Domino,,,,,,,,,,,,,,1318,,,,,,,,,,,@Stefan1985 [p. 243],,
A,,50,Missa de dono fortitudinis,,,,,,,,,,,,,,1321,,,,,,,,,,,@Stefan1985 [p. 246],,
A,,51,Missa de dono Scientiae,,,,,,,,,,,,,,1324,,,,,,,,,,,@Stefan1985 [p. 248],,
A,,52,Missa gaudii,,,,,,,,,,,,,,1325,,,,,,,,,,,@Stefan1985 [p. 244],,
A,,53,"Sanctus, Benedictus, Agnus Dei",,,,,,,,,,,,,,1331a | 1331b,,,,,,,,,,,@Stefan1985 [p. 251f],,
A,,54,Missa,,,,,,,,,,,,,,,,,,,CZ-KLm archival box 5,,,,,,@Oppova2013,,
A,,55,Missa Sancti Bartholomaei,,,,,,,,,,,,,,,,,,,CZ-Bm A 13071,,,,,,"@RajhradInvA [p. 11, no. 65], @RajhradInvB [p. 39, no.138], @Tichy2014b",,
A,,56,Missa,,,,,,,,,,,,,,,,,,,CZ-Bm A 13072,,,,,,"@RajhradInvA [p. 29, no. 86], @RajhradInvB [p. 8, no.140], @Tichy2014b",,
A,,L1,Missa Sanctae Elisabethae,,"A.1.137, B.1.132",,,,,,,,,,,,,,,,,,Masses 57,D6,12,A.I.a,,,,
A,,L2,Missa,,"A.2.142, B.2.142",,,,,,,,,,,,,,,,,,Masses 40,D7,22,A.I.e,,,,page in A-H inventory missing (was available to Vogg and Peschek)
A,,L3,Missa oblata,,"A.1.115, B.1.108/114",,,,,,,,,,,,,,,,,,Masses 49,D8,18,A.I.c,,,,
A,,L4,Missa,,"A.1.136, B.1.131",,A.29.1,,,,,,,,,,,,,,,,Masses 41,D9,24,A.I.f,,"@KlosterneuburgInvA [p. 29, no. 1]",,A-KN source lost
A,,L5,Missa Sancti Dominic,,"A.2.134, B.2.134",,,,,,,,,,,,,,,,,,Masses 58,D10,49,A.I.l,,,,
A,,L6,Missa,,"A.1.135, B.1.130",,,,,,,,,,,,,,,,,,Masses 42,D11,33,A.I.g,,,,
A,,L7,Missa desolata,,"A.1.123, B.1.119",,,,,,,,,,,,,,,,,,Masses 46,D12,34,A.I.h,,,,
A,,L8,Missa solemnis,,"A.1.134, B.1.129",,"A.26.1, A.46.8",,,,,,,,,,,,,,,,Masses 55,D13,36,A.I.j,,"@KlosterneuburgInvA [p. 26, no. 1, p. 46, no. 8]",,A-KN source lost
A,,L9,Missa Sancti Petri Piperacensis,,"A.2.15, B.2.18",,,,,,,,,,,,,,,,,,Masses 63,D15,45,A.I.k,,,,
A,,L10,Missa matutina,,"A.2.110, B.2.102",,,,,,,,,,,,,,,,,,Masses 48,D16,62,A.I.n,,,,
A,,L11,Missa,,,,,,,,,,,,,,,163,,,,,Masses 36,D18,,A.I.49,B.I.5,,,
A,,L12,Missa con clarini,,,,,,,,,,,,,,,,,,,,,,,,,"@BrtniceInv [p. 109, no. 1], @Strakova1963, @Strakova1965",,
A,,L13,Missa a 4 voce con clarini,,,,,,,,,,,,,,,,,,,,,,,,,"@BrtniceInv [p. 110, no. 5], @Strakova1963, @Strakova1965",,
A,,L14,Missa brevissima,,,,,,,,,,,,,,,,,,,,,,,,,"@BrtniceInv [p. 111, no. 9], @Strakova1963, @Strakova1965",,
A,,L15,Missa,,,,,,,,,,,,,,,,,,,,,,,,,@Kim1998 [p. 345f],,mentioned in the inventory of Nagyszombat
A,,S1,Missa Sancti Joannis / pro Dominica Quinquagesima / Cantate,628,"A.2.104, B.2.99",VIII a 5 [600090621],461/5,,,,,,,,,,,,,,Mus.2968-D-512 | Mus.2968-D-517,,Masses 10,E1,47,A.I.20,,"@KlosterneuburgInvB [p. 24, no. 5], @KlosterneuburgInvC [vol. 1, p. 25, no. 179], @BrtniceInv [p. 110, no. 8], @Strakova1963, @Strakova1965, @Riedel1979 [p. 103]",,A-H source lost
A,,S2,Missa,,,,,,,,,,I 11573,,Mus.Hs.17333,,,,,,,,Masses 14,E2,31,A.I.24,B.I.12,,,A-Wn source attributed to Timmer
A,,S3,Missa,,,,,,,,,,I 11558,,,,,,,,,,Masses 23,E3,37,A.I.34,B.I.10,,,A-Wn source attributed to Timmer
A,,S4,Missa,639,,,,,,I/41,,,,,,,,,,,,,Masses 29,E4,43,A.I.41,,"@MelkInv [vol. I, no. 41], @Riedel1979 [p. 104]",,A-M source attributed to Zechner
A,,S5,Missa,640,"A.2.151, B.2.151",,,,,I/44,,,,,,,,,,,,,Masses 9,E5,48,A.I.19,,"@MelkInv [vol. I, no. 44], @Riedel1979 [p. 105]",,A-H source lost; A-H and A-M sources attributed to Zechner
A,,S6,Missa Sicut Lilium,,"A.1.107, B.1.113 | A.1.67, B.1.76",,,,,,,,,,,,,,,,,,Masses 54,E6,17,A.I.b,,@Opatrny2012 [p.185ff],,"A-H source A.1.107 lost, A.1.67 attributed to Öttl (thematic catalogue no. A/I/26)"
A,,S7,Missa,,,VIII a 6,,,,,,,,,,,,,,,,A-Wps 43 | PL-KŁwnm M-67,,,,,,,,A-HE source attributed to Zechner
A,,S8,Missa,,,,,,,,,,,,,,,,,,,D-Po Tuma 1,,,,,,@Haberkamp1993 [p. 201],,
A,,S9,Missa,,,,,,,,,,,,,,,,,,,D-Po Tuma 2,,,,,,@Haberkamp1993 [p. 201],,
A,,S10,Missa,,,,463,K 7/1012,,,,,I 24380,,Mus.Hs.14216,,,,,,,CZ-Pu 59 R 6209,Masses 28,A4,,A.I.40,,"@KlosterneuburgInvB [p. 114, no. 1]",,by August Tuma
B,,1,Messa della morte,,"A.22.18, B.25.27",,,D 41/11,,,,,,,Mus.Hs.16934 | HK.793*,,,,,,Mus.2968-D-504,CZ-Bu RKPMus-0538.954,Masses 45,C13,,A.I.52,B.X,@Eybl1996 [p. 58],,A-H source lost; A-Wn HK.793* wrongly attributed to Reutter
B,,2,Requiem,,,,462/1,,,,,,,,,,,,,,,,Masses 66,A1,,A.I.53,,"@KlosterneuburgInvB [p. 571, no. 1]",,
C,1,1,Alleluia confitemini,,,,464/4,,,,,,,,,,,,,,,,Graduals 1,,,A.II.1,,"@KlosterneuburgInvB [p. 272, no. 2]",,
C,1,2,Iustus ut palma florebit,,,,464/1,,,,,,I 1648/1,,,,,,,,,,Graduals 2,,,A.II.2,B.XII.2a,"@KlosterneuburgInvA [p. 99, no. 4], @KlosterneuburgInvB [p. 272, no. 5], @KlosterneuburgInvE [p. 42, no. 5]",,
C,2,1,Pange lingua,,,,,,,,,,,,Mus.Hs.15686,,,,,,,,Hymns 8,,,A.V.1,B.XIII.1,@Eybl1996 [p. 57],,
C,2,2,Invictus heros numinis,,,,,,,,,,,,Mus.Hs.15682,,,,,,,,Hymns 2,,,A.V.3,B.II.4,@Eybl1996 [p. 56],,
C,2,3,Iam faces lictor ferat,,,,,,,,,,,,Mus.Hs.15683,,,,,,,,Hymns 3,,,A.V.4,B.II.5,@Eybl1996 [p. 56],,
C,2,4,Iam sol recedit igneus,,,,,,,,,,,,Mus.Hs.15684,,,,,,,,Hymns 4,,,A.V.5,B.II.6,,,
C,2,5,Te lucis ante terminum,,,,,,,,,,,,Mus.Hs.15772,,,,,"Mus.ms.autogr. Salieri, A. 4/5 | Mus.ms.autogr. Tuma, F. 2 M",,,Hymns 1,,,A.V.6,B.II.2,,,
C,2,6,Regis superni nuntia,,,,,,525,,,,,,Mus.Hs.15681,,,,,,,,Hymns 7,,,A.V.7,B.II.3,"@Eybl1996 [p. 57], @Sherman2001 [p. 111]",,
C,2,7,Placare Christe servulis,,,,,,,,,,,,Mus.Hs.15685,,,,,,,,Hymns 6,,,A.V.8,B.II.7,@Eybl1996 [p. 58],,
C,2,8,Pange lingua,,,,,,,,,,,,,,,,XLVII B 34,,,,,,,,,,,
C,3,1,O altitudo divitiarum,,"A.7.5, B.7.5",,,,,,,,,,Mus.Hs.15716,,,,,,,,Motets 4,,,A.IV.1,B.VI.15,"@Eybl1996 [p. 56], @HerzogenburgInvA [p. 165, no. 7.5], @HerzogenburgInvB [fol. 65v, no. 7.5]",,A-H source lost
C,3,2,Qui charitate accensus,,A.11.21,,,,,,,,,,Mus.Hs.15717,,,,,,,,Motets 19,,,A.IV.2,B.VI.16,"@Eybl1996 [p. 55], @HerzogenburgInvA [p. 217, no. 11.21]",,A-H source lost
C,3,3,Succurre Regina,1636,"A.9.47, B.8.33",,,,,,,,,,,,,,,,,,Motets 1,,,A.IV.3,,@Riedel1979 [p. 257],,A-H source lost
C,3,4,O magnum mysterium,,,,,,,,,,,,Mus.Hs.15720,,,,,,,,Motets 11,,,A.IV.4,B.VI.19,Eybl1996 [p. 58],@Haegele2011,
C,3,5,Domine in virtute tua,,,,,,,,,,,,Mus.Hs.15706,,,,,,,,Motets 13,,,A.IV.5,B.VI.5,"@BrtniceInv [p. 111, no. 4], @Strakova1963, @Strakova1965, @Eybl1996 [p. 56]",,
C,3,6,Bonum est confiteri,,,,,,,,,,,,Mus.Hs.15705,,,,,,,,Motets 12,,,A.IV.6,B.VI.4,@Eybl1996 [p. 56],,
C,3,7,"O, quam suavis est",,,,,,,,,,,,Mus.Hs.15714,,,,,,,,Motets 5,,,A.IV.7,B.VI.13,@Eybl1996 [p. 56],,
C,3,8,Vilescit mihi mundus,,,,,,,,,,,,Mus.Hs.15702,,,,,,,,Motets 20,,,A.IV.8,B.VI.1,@Eybl1996 [p. 56],,
C,3,9,Per labra nectar bibitur,1637,,,,,,,,,,,Mus.Hs.15709,,,,,,,,Motets 15,,,A.IV.9,B.VI.8,"@BrtniceInv [p. 111, no. 6], @Strakova1963, @Strakova1965, @Riedel1979 [p. 257], @Eybl1996 [p. 56]",,
C,3,10,Firmamentum et refugium,,,,,,,,,,,,Mus.Hs.15710,,,,,,,,Motets 18,,,A.IV.10,B.VI.9,"@BrtniceInv [p. 111, no. 2], @Strakova1963, @Strakova1965, @Eybl1996 [p. 56]",,
C,3,11,Adeste animae,,,,,,,,,,,,Mus.Hs.15715,,,,,,,,Motets 6,,,A.IV.11,B.VI.14,@Eybl1996 [p. 47],,
C,3,12,Laudes Mariae resonans,,,,,,,,,(no shelfmark),I 2767,,Mus.Hs.15719,,,,,,Mus.2968-E-501,CZ-Bm A 14651,"Motets 10, Hymns 5",,,"A.IV.12, A.V.2","B.II.1, B.VI.18",@Eybl1996 [p. 56],,
C,3,13,Almo factori omnium,,,,,,,,,,,,Mus.Hs.15711,,,,,,,,Motets 3,,,A.IV.13,B.VI.10,"@BrtniceInv [p. 111, no. 5], @Strakova1963, @Strakova1965, @Eybl1996 [p. 57]",,
C,3,14,Voluntarie sacrificabo tibi,,,,,,,,,,,,Mus.Hs.15703,,,,,,,D-OB MO 812,Motets 9,,,A.IV.14,B.VI.2,"@Haberkamp1986 [p. 206], @Eybl1996 [p. 56]",,
C,3,15,O admirabile commercium,,,,,,,,,,,,Mus.Hs.15704,,,,,,,,Motets 14,,,A.IV.15,B.VI.3,@Eybl1996 [p. 56],,
C,3,16,Domine Deus creator omnium,,,,,,,,,,,,Mus.Hs.15707,,,,,,,D-OB MO 812,Motets 7,,,A.IV.16,B.VI.6,"@Haberkamp1986 [p. 206], @Eybl1996 [p. 56]",,
C,3,17,Audite insulae,,,,,,,,,,,,Mus.Hs.15718,,,,,,,,Motets 2,,,A.IV.17,B.VI.17,@Eybl1996 [p. 56],,
C,3,18,Venite ad me,,,,,,,,,,,,Mus.Hs.15712,,,,,,,,Motets 8,,,A.IV.18,B.VI.11,@Eybl1996 [p. 56],,
C,3,19,Maria gustum sentio,,,,,,,,,,,,Mus.Hs.15708,,,,,,,,Motets 16,,,A.IV.19,B.VI.7,"@BrtniceInv [p. 111, no. 7], @Strakova1963, @Strakova1965",,
C,3,20,Mulier quae erat,,,,,,,,,,,,Mus.Hs.15713,,,,,,,,Motets 17,,,A.IV.20,B.VI.12,@Eybl1996 [p. 56],,
C,3,21,Audivi vocem de caelo,,,,,,,,,,,,,,1330,,,,,,,,,,,@Stefan1985 [p. 251],,
C,3,22,Tradiderunt me,,,,,,,,,,,,,,,XXXV E 137 [550266971],XVI C 72 | XLVI A 267,,,,,,,,,,,
C,3,23,In corde Gertrudis,,,,,,,,,,,,,D 2/104,,,,,,,,,,,,,,
C,3,24,Vasti per orbem canitur,,,,,,,,,,,,,D 2/105,,,,,,,,,,,,,,
C,3,25,In columbae specie,,,,,,,,,,,,,D 2/106,,,,,,,,,,,,,,
C,3,26,Sanctorum Martyrum triumphos,,,,,,,,,,,,,D 2/107,,,,,,,,,,,,,,
C,3,27,Tochter Sion sey erfreyt,3592,,,,,,,,,,,,,,,,,,A-GE III 1,,,,,,,,
C,3,28,Venite mortalium,3593,"A.9.45, B.8.31",,,,,,,,,,,,,,,,,,,,,,,,,A-H source lost
C,3,L1,In sanctitate et iustitia,,,,,,,,,,,,,,,,,,,,,,,,,"@BrtniceInv [p. 108d, no. 2], @Strakova1963, @Strakova1965",,
C,3,L2,Dulce lignum,,,,,,,,,,,,,,,,,,,,,,,,,"@BrtniceInv [p. 110, no. 7], @Strakova1963, @Strakova1965",,
C,3,L3,Motetto,,"A.8.8, B.9.4",,,,,,,,,,,,,,,,,,,,,,,,,
C,3,L4,Monstra,,"A.9.43, B.8.29",,,,,,,,,,,,,,,,,,,,,,,,,
C,3,L5,Ave maris,,"A.9.44, B.8.30",,,,,,,,,,,,,,,,,,,,,,,,,
C,3,L6,Motetto,,"A.9.46, B.8.32",,,,,,,,,,,,,,,,,,,,,,,,,
C,3,L7,Motetto de Sancto Martyro,,"A.10.26, B.10.22",,,,,,,,,,,,,,,,,,,,,,,,,
C,3,L8,Motetta de Confessore (Laeta),,A.11.18,,,,,,,,,,,,,,,,,,,,,,,,,
C,3,L9,Motetto,,A.11.19,,,,,,,,,,,,,,,,,,,,,,,,,
C,3,L10,Motetta de quovis sancto,,A.11.20,,,,,,,,,,,,,,,,,,,,,,,,,
C,4,1,Confitebor Domino,,,,"A.98.2, B.272.1, C2.29.106",,,,,,I 1648/2,,,,,,,,,,Offertories 1,,,A.II.3,B.XII.2b,"@KlosterneuburgInvA [p. 98, no. 2], @KlosterneuburgInvB [p. 272, no. 1], @KlosterneuburgInvC [vol. 2, p. 29, no. 106]",,A-KN source lost
C,4,2,Benedictus qui venit,,,,,,,,,,,,Mus.Hs.15721,,,,,,,,Offertories 2,,,A.II.4,B.XII.1,"@BrtniceInv [p. 111, no. 3], @Eybl1996 [p. 56], @Strakova1963, @Strakova1965",,
C,4,3,Veritas mea,,,,464/3,,,,,,,,,,,,,,,,Offertories 3,,,A.II.5,,"@KlosterneuburgInvB [p. 272, no. 3]",,
C,4,4,Te splendor et virtus,,,,,,,,,,,,,,,,,,,H-PH Mus.sacr.ant. T 2,,,,,,,,
C,4,5,"Benedictus es, Domine",,,,,,,,,,,,,,,,XVI C 71 | X E 234,,,CZ-Pnm XLVI B 212 | CZ-Pu 59 R 1640 [551003278],,,,,,,,
C,4,6,Perfice gressus meos,,,,,,,,,,,,,,,,X E 235 | XVI C 69 | XLVI A 268,,,CZ-Pu 59 R 1640 [551003277],,,,,,,,
C,4,7,Confitebor,,,,,,,,,,,,,,,,XVI C 70 | XLVI A 274 | XLVI A 338 (1),,,,,,,,,,,
C,4,8,Improperium exspectavit,,,,,,,,,,,,,,,,XVI C 68 | XLVI A 273 | XLVI A 338 (2),,,CZ-Nlob 168,,,,,,"@Pulkert1973 [vol. 1, p. 71, no. 91, p. 278, no. 650]",,
C,4,L1,Devoti fideles,,,,,,,,,,,,,,,,,,,,,,,,,"@BrtniceInv [p. 110, no. 6], @Strakova1963, @Strakova1965",,
C,4,L2,Veritas mea,,,,"A.98.1, B.272.4",,,,,,,,,,,,,,,,,,,,,"@KlosterneuburgInvA [p. 98, no. 1], @KlosterneuburgInvB [p. 272, no. 4]",,A-KN source lost
C,4,L3,Mystes Dei,,,,A.128.9,,,,,,,,,,,,,,,,,,,,,"@KlosterneuburgInvA [p. 128, no. 9]",,A-KN source lost
C,5,1,In monte oliveti,,,,,,,,,,I 1693/1,,,,,,,,Mus.2968-D-513/1,,Responsories 1,,,A.VI.1a,B.XI.12.I,,,
C,5,2,Tristis est anima,,,,,,,,,,I 1693/2,,,,,,,,Mus.2968-D-513/2,,Responsories 1,,,A.VI.1a,B.XI.12.I,,,
C,5,3,Ecce videmus eum,,,,,,,,,,I 1693/3,,,,,,,,Mus.2968-D-513/3,,Responsories 1,,,A.VI.1a,B.XI.12.I,,,
C,5,4,Amicus meus,,,,,,,,,,I 1693/4,,,,,,,,Mus.2968-D-513/4,,Responsories 1,,,A.VI.1a,B.XI.12.I,,,
C,5,5,Judas mercator,,,,,,,,,,I 1693/5,,,,,,,,Mus.2968-D-513/5,,Responsories 1,,,A.VI.1a,B.XI.12.I,,,
C,5,6,Unus ex discipulis,,,,,,,,,,I 1693/6,,,,,,,,Mus.2968-D-513/6,,Responsories 1,,,A.VI.1a,B.XI.12.I,,,
C,5,7,Eram quasi agnus,,,,,,,,,,I 1693/7,,,,,,,,Mus.2968-D-513/7,,Responsories 1,,,A.VI.1a,B.XI.12.I,,,
C,5,8,Una hora,,,,,,,,,,I 1693/8,,,,,,,,Mus.2968-D-513/8,,Responsories 1,,,A.VI.1a,B.XI.12.I,,,
C,5,9,Seniores populi,,,,,,,,,,I 1693/9,,,,,,,,Mus.2968-D-513/9,,Responsories 1,,,A.VI.1a,B.XI.12.I,,,
C,5,10,Omnes amici mei,,,,,,,,,,I 1693/10,,,,,,,,Mus.2968-D-513/10,,Responsories 1,,,A.VI.1b,B.XI.12.II,,,
C,5,11,Velum templi,,,,,,,,,,I 1693/11,,,,,,,,Mus.2968-D-513/11,,Responsories 1,,,A.VI.1b,B.XI.12.II,,,
C,5,12,Vinea mea electa,,,,,,,,,,I 1693/12,,,,,,,,Mus.2968-D-513/12,,Responsories 1,,,A.VI.1b,B.XI.12.II,,,
C,5,13,Tamquam ad latronem,,,,,,,,,,I 1693/13,,,,,,,,Mus.2968-D-513/13,,Responsories 1,,,A.VI.1b,B.XI.12.II,,,
C,5,14,Tenebrae factae sunt,,,,,,,,,,I 1693/14,,,,,,,,Mus.2968-D-513/14,,Responsories 1,,,A.VI.1b,B.XI.12.II,,,
C,5,15,Anima meam dilectam,,,,,,,,,,I 1693/15,,,,,,,,Mus.2968-D-513/15,,Responsories 1,,,A.VI.1b,B.XI.12.II,,,
C,5,16,Tradiderunt me,,,,,,,,,,I 1693/16,,,,,,,,,,Responsories 1,,,A.VI.1b,B.XI.12.II,,,
C,5,17,Jesum tradidit impius,,,,,,,,,,I 1693/17,,,,,,,,,,Responsories 1,,,A.VI.1b,B.XI.12.II,,,
C,5,18,Caligaverunt oculi mei,,,,,,,,,,I 1693/18,,,,,,,,,,Responsories 1,,,A.VI.1b,B.XI.12.II,,,
C,5,19,Sicut ovis,,,,,,,,,,I 1693/19,,,,,,,,,,Responsories 1,,,A.VI.1c,B.XI.12.III,,,
C,5,20,Jerusalem surge,,,,,,,,,,I 1693/20,,,,,,,,,,Responsories 1,,,A.VI.1c,B.XI.12.III,,,
C,5,21,Plange quasi virgo,,,,,,,,,,I 1693/21,,,,,,,,,,Responsories 1,,,A.VI.1c,B.XI.12.III,,,
C,5,22,Recessit pastor noster,,,,,,,,,,I 1693/22,,,,,,,,,,Responsories 1,,,A.VI.1c,B.XI.12.III,,,
C,5,23,O vos omnes,,,,,,,,,,I 1693/23,,,,,,,,,,Responsories 1,,,A.VI.1c,B.XI.12.III,,,
C,5,24,Ecce quomodo moritur,,,,,,,,,,I 1693/24,,,,,,,,,,Responsories 1,,,A.VI.1c,B.XI.12.III,,,
C,5,25,Astiterunt reges terrae,,,,,,,,,,I 1693/25,,,,,,,,,,Responsories 1,,,A.VI.1c,B.XI.12.III,,,
C,5,26,Aestimatus sum,,,,,,,,,,I 1693/26,,,,,,,,,,Responsories 1,,,A.VI.1c,B.XI.12.III,,,
C,5,27,Sepulto Domino,,,,,,,,,,I 1693/27,,,,,,,,,,Responsories 1,,,A.VI.1c,B.XI.12.III,,,
C,5,28,Tenebrae factae sunt,,,,452/1 | 901,,,,,,,,,,,,,,,,Responsories 2,,,A.VI.2,,"@KlosterneuburgInvA [p. 161, no. 2], @KlosterneuburgInvB [p. 582, no. 5]",,
C,5,29,Tenebrae factae sunt,,,,452/2,,,,,,,,,,,,,,,,Responsories 3,,,A.VI.3,,"@KlosterneuburgInvB [p. 582, no. 6]",,
C,5,S1,Tenebrae factae sunt,,,,452/4,,,,,,,,,,,,,,,,,,,,,,,
C,6,1,Exaudivit de templo,,,,413,,,,,,,,,,,,,,,,,,,,,"@KlosterneuburgInvA [p. 166, no. 7]",,
C,6,2,Veni Sancte Spiritus,,,,464/2,,,,,,,,,,,,,,,,Sequences 6,,,A.VIII.6,,"@KlosterneuburgInvA [p. 162, no. 5], @KlosterneuburgInvB [p. 538, no. 1], @KlosterneuburgInvC [vol. 2, p. 37, no. 4]",,
D,1,1,Vesperae de Confessore,2117,882,,119/1,,,,,,,,Mus.Hs.15726,,1595,XXXV E 138,XX D 560,,,,Vespers 24,,,A.III.8,B.XI.2,"@KlosterneuburgInvA [p. 126, no. 8], @KlosterneuburgInvB [p. 351, no. 1a], @HerzogenburgInvA [p. 257, no. 15.11], @HerzogenburgInvB [fol. 102r, no. 13.12], @Riedel1979 [p. 332], @Stefan1985 [p. 377], @Bartos2013, @Hornbacher2023 [p. 214-217]",,A-KN only Dixit; CZ-Pkřiž old signature: 1034
D,1,2,Vesperae de Beatissima Maria Virgine,2118,A.16.6,,119/2,E 26/172,582,,E XXII 9 b | E XXII 9 c,,,,,E 1/16,,,,,,D-OB MO 815 | H-P C 25,Vespers 27,,,A.III.9,,"@KlosterneuburgInvA [p. 126, no. 10], @KlosterneuburgInvB [p. 351, no. 1b], @Riedel1979 [p. 332], @Haberkamp1986 [p. 207]",,A-H source lost; A-KN only Dixit
D,1,3,Vesperae de Dominica et Confessore,,B.14.12,,A.72.2,,583,,,,,,Mus.Hs.15727,,,,,,,"CZ-Bm A 13075 | H-Gk AMC, T. 9. | H-Sp Vpl, a) 19",Vespers 25,,,A.III.12,B.XI.3,"@KlosterneuburgInvA [p. 72, no. 2], @RajhradInvA [p. 122, no. 7], @RajhradInvB [p. 271, no.985], @Bardos1980 [p. 526, no. 1416], @Tichy2014b",,A-H and A-KN sources lost
D,1,4,Vesperae de Confessore,,884,,A.71.5,E 11/31 | E 12/38,,,,,,,Mus.Hs.15728,,,,,,Mus.2968-D-508,,Vespers 26,,,A.III.13,B.XI.4,"@KlosterneuburgInvA [p. 71, no. 5], @Eybl1996 [p. 58], @HerzogenburgInvB [fol. 107r, no. 14.11], @Hornbacher2023 [p. 214-217]",,A-KN source lost; A-KR E 11/31 attributed to Ehrenhardt
D,1,L1,Vesper,,,,,,,,,,,,,,,,,,,PL-CZ II-364,,,,,,,,only title page available
D,1,L2,Vesperae de Apostolis,,,,A.126.9,,,,,,,,,,,,,,,,,,,,,"@KlosterneuburgInvA [p. 126, no. 9]",,A-KN source lost
D,1,S1,Vesperae de Dominica et Beata,,,,,,,,E XXII 9 a,,,,,,,,,,,,,,,,,,,by Reutter (HofR 110/16)
D,2,1,Benedictus,,,,,,,,,,I 1693/29,,,,,,,,,,Vespers 1,,,A.III.1,B.XI.12.V,,,
D,2,2,Confitebor,,,,,,,,,,,,Mus.Hs.15677,,,,,,,,Vespers 2,,,A.III.2,B.XI.5,@Bartos2018 [p. 331],,
D,2,3,Confitebor,,,,,,,,,,,,Mus.Hs.15678,,,,,,,,Vespers 3,,,A.III.4,B.XI.6,,,"single extant source incomplete (S, A, T, B, vl 1)"
D,2,4,Credidi,,,,,,,,,,,,,E 1/15,,,,,,,,,,,,,,
D,2,5,Cum invocarem,,,,,,,,,(no shelfmark),I 17565/1,,Mus.Hs.19194/1,,,,,,,,Vespers 5,,,A.III.5,B.XI.1,,,
D,2,6,De profundis,,,,,,,,,,,,Mus.Hs.15724/1,,,,,,,,Vespers 7,,,A.III.6,B.XIII.5a,@Eybl1996 [p. 58],,
D,2,7,De profundis,,,,,,,,,,,,Mus.Hs.15723,,,,,,Mus.2968-E-500,,Vespers 6,,,A.III.7,B.XIII.7,@Eybl1996 [p. 56],,
D,2,8,Dixit Dominus,2119/1,B.17.12,,,,,,E XV 2 a IV/2,,,,Mus.Hs.15680,,,,,,,,Vespers 9,,,A.III.10,B.XI.8,"@HerzogenburgInvB [fol. 122r, no. 17.12], @Riedel1979 [p. 332], @Eybl1996 [p. 47]",,A-H source lost; A-SEI also contains trb 1/2 of another Dixit
D,2,9,Dixit Dominus,,,,,,,,,,,,Mus.Hs.15679,,,,,,,,Vespers 8,,,A.III.11,B.XI.7,@Eybl1996 [p. 58],,
D,2,10,Domine probasti me,,,,119/4,,,,,,,,,,,,,,,,Vespers 28,,,A.III.14,,"@KlosterneuburgInvB [p. 351, no. 1d]",,
D,2,11,Ecce nunc benedicite,,,,,,,,,(no shelfmark),I 17565/3,,Mus.Hs.19194/3,,,,,,,,Vespers 5,,,A.III.5,B.XI.1,,,
D,2,12,"In te, Domine, speravi",,,,,,,,,(no shelfmark),I 17565/2,,Mus.Hs.19194/2,,,,,,,,Vespers 5,,,A.III.5,B.XI.1,,,
D,2,13,Laetatus sum,2119/3,883/2,,,,,,,,,,Mus.Hs.15688/2,,,,,,,,Vespers 10,,,A.III.15,B.XI.10b,"@HerzogenburgInvA [p. 297, no. 18.5]",,
D,2,14,Lauda Jerusalem,2119/5,883/4,VIII b 3 [600090617],,,,,,,,,Mus.Hs.15687,,,,,,,,"Vespers 4, Vespers 11",,,"A.III.3, A.III.16",B.XI.9,"@Eybl1996 [p. 48], @HerzogenburgInvA [p. 297, no. 18.5]",,lyrics in A-HE: Confitebor
D,2,15,Laudate Dominum,,,,119/3,,,,,,,,,,,,,,,,Vespers 29,,,A.III.17,,"@KlosterneuburgInvB [p. 351, no. 1c]",,
D,2,16,Laudate pueri,2119/2 | 2143,883/1,,,,,,,,,,Mus.Hs.15688/1,,,,,,,,Vespers 12,,,A.III.18,B.XI.10a,"@HerzogenburgInvA [p. 297, no. 18.5], @Riedel1979 [p. 335]",,
D,2,17,Laudate pueri,,,,,,,,,,,,Mus.Hs.15689,,1313,,,,,,Vespers 13,,,A.III.19,B.XI.11,@Stefan1985 [p. 241],,
D,2,18,Laudate pueri,,885,,,,,,,,,,,,,,,,,,,,,,,"@HerzogenburgInvA [p. 320, no. 20.18]",,
D,2,19,Memento,,,,,,,,,,,,Mus.Hs.15699,,,,,,,,Vespers 21,,,A.III.20,B.XIII.3,,,
D,2,20,Memento,,,,,,,,,,,,Mus.Hs.15700 | Mus.Hs.15724/2,,,,,,,,Vespers 22,,,A.III.21,B.XIII.4/5b,"@Eybl1996 [p. 56, 58]",,
D,2,21,Nisi Dominus,2119/4,883/3,,,,,,,,,,Mus.Hs.15722,,,,,,,,Vespers 23,,,A.III.29,B.XIII.6,"@HerzogenburgInvA [p. 297, no. 18.5]",,
D,2,L1,Dixit Dominus,,B.18.4,,,,,,,,,,,,,,,,,,,,,,,,,
D,2,S1,Dixit Dominus,,,,,,,,E XV 2 a IV/1,,,,,,,,,,,,,,,,,,,by Schmidt (see RISM 600198037)
D,3,1,Miserere,2587,"A.23.16, B.27.4",,,,,,E XVII 1 c I,,,,,,,,,Mus.ms. 22104/2 | Mus.ms. 30284/1,,D-OB MO 808,Vespers 14,,,A.III.22,B.III.2,"@Riedel1979 [p. 410], @Haberkamp1986 [p. 207]",,A-H source lost
D,3,2,Miserere,,,,,,,,,,I 1693/28,,,,,,,,,,Vespers 15,,,A.III.23,B.XI.12.IV,,,
D,3,3,Miserere,2589,,,,,,,,,,,,,,,,,,,Vespers 16,,,A.III.24,,@Riedel1979 [p. 410],,
D,3,4,Miserere,,"A.23.21, B.27.21",,,F 21/12,,III/56,,(no shelfmark),I 1709,,,,,XXXV E 156,,,,,Vespers 17,,,A.III.25,B.III.3,"@MelkInv [vol. III, no. 56], @EsterhazyInv1812 [miserere, no. 9], @Freeman1992 [p. 48]",,A-H source lost; CZ-Pkřiž old signature: 2561
D,3,5,Miserere,,"A.23.22, B.27.22",,,,,III/55,,,,,,,1314,XXXV E 157,XVI C 73,,,,Vespers 18,,,A.III.26,,"@MelkInv [vol. III, no. 55], @EsterhazyInv1812 [miserere, no. 8], @Stefan1985 [p. 241], @Freeman1992 [p. 48]",,A-H source lost; CZ-Pkřiž old signature: 2582
D,3,6,Miserere,2588,"A.23.24, B.27.24",,,,,,,,,,SA.67.H.4,,,,,Mus.ms. 22104 | Mus.ms. 22104/1,Mus.2968-D-506,D-MÜs SANT Hs 4195,Vespers 19,,,A.III.27,B.III.1,"@HerzogenburgInvA [p. 370, no. 23.24], @HerzogenburgInvB [fol. 180v, no. 27.24], @Kiesewetter1847 [p. 84], @Riedel1979 [p. 410]",,A-H source lost; A-Ee sources not reviewed
D,3,7,Miserere,2590,"A.23.18, B.27.18",,,,,,E XVII 1 c II,,,,Mus.Hs.15701,,,,,,Mus.2968-D-500 ,"H-Gk AMC, T. 7. | D-OB MO 807",Vespers 20,,,A.III.28,B.III.4,"@Riedel1979 [p. 410], @Bardos1980 [p. 526, no. 1414], @Haberkamp1986 [p. 207], @Eybl1996 [p. 56]",,A-H source lost
D,3,8,Miserere,,,,,,,,,,,,,,,,,,,I-Bc KK.239 ,,,,A.III.a,,,,
D,3,9,Miserere,,,,,,,,,,,,,,1311 | 1315,,,,,,,,,,,@Stefan1985 [p. 240f],,
D,3,L1,Miserere,,"A.23.17, B.27.17",,,,,,,,,,,,,,,,,,,,,,,,,
D,3,L2,Miserere,,,,,,,,,,,,,,,,,,,,,,,,,"@EsterhazyInv1812 [miserere, no. 10]",,
D,4,1,Magnificat,,,,,,,,,,,,Mus.Hs.15697,,,XXXV E 139,,,,,Magnificats 1,,,A.X.1,B.VII.1,,,CZ-Pkřiž old signature: 1042
D,4,2,Magnificat,2119/6,"A.21.9, B.23.7",,,,,,,,,,Mus.Hs.15698,,,,,,,,Magnificats 2,,,A.X.2,B.VII.2,,,A-H source lost
D,4,3,Magnificat,,,VIII b 3 [600090620],"A.69.9, B.351.2a",,,,,,,,,,,,,,,,Magnificats 3,,,A.X.3,,"@KlosterneuburgInvA [p. 69, no. 9], @KlosterneuburgInvB [p. 351, no. 2a]",,A-KN source lost
D,4,4,Nunc dimittis,,,,,,,,,(no shelfmark),I 17565/4,,Mus.Hs.19194/4,,,,,,,,Vespers 5,,,A.III.5,B.XI.1,@Bartos2018 [p. 343],,
D,4,L1,Magnificat,,,,B.351.2b,,,,,,,,,,,,,,,,,,,,,"@KlosterneuburgInvB [p. 351, no. 2b]",,A-KN source lost
D,4,L2,Magnificat,,,,B.351.2c,,,,,,,,,,,,,,,,,,,,,"@KlosterneuburgInvB [p. 351, no. 2c]",,A-KN source lost
E,1,1,Alma Redemptoris mater,,,,,,,,,,,,Mus.Hs.15667,,,,,,,,Antiphons 1,,,A.VII.1,B.IV.1,"@Eybl1996 [p. 55], @Eybl2011",,
E,1,2,Alma Redemptoris mater,,,,,,,,,,,,Mus.Hs.15668,,,,,,,,Antiphons 2,,,A.VII.2,B.IV.2,"@Eybl1996 [p. 55], @Eybl2011",,
E,1,3,Alma Redemptoris mater,,,,,,,,,,,,Mus.Hs.15669,,,,,,,,Antiphons 3,,,A.VII.3,B.IV.3,@Eybl2011,,
E,1,4,Alma Redemptoris mater,,,,,,,,,,,,Mus.Hs.15670,,,,,,,,Antiphons 4,,,A.VII.4,B.IV.4,,,
E,1,5,Alma Redemptoris mater,,,,,,,,,,,,,,,,,,,CZ-Nlob 748,,,,,,"@Pulkert1973 [vol. 1, p. 277, no. 647]",,
E,1,6,Alma Redemptoris mater,,,,,,,,,,,,,,,,,,,CZ-Bm A 13068,,,,,,"@RajhradInvA [p. 133, no. 7], @RajhradInvB [p. 253, no.632], @Rampackova2009, @Tichy2014b",,
E,1,7,Alma Redemptoris mater,,,,,,,,,,,,,,,,,,,CZ-Bm A 13069,,,,,,"@RajhradInvA [p. 133, no. 8], @RajhradInvB [p. 253, no.634], @Rampackova2009, @Tichy2014b",,
E,2,1,Ave Regina coelorum,,,,,,,,,,,,Mus.Hs.15671,,,,,,,,Antiphons 5,,,A.VII.8,B.V.2,,,
E,2,2,Ave Regina coelorum,,,,,,,,,,,,Mus.Hs.15672,,,,,,,,Antiphons 6,,,A.VII.7,B.V.3,,,
E,2,3,Ave Regina coelorum,,,,,,,,,,,,Mus.Hs.15673,,,,,,,,Antiphons 7,,,A.VII.12,B.V.4,@Eybl1996 [p. 57],,
E,2,4,Ave Regina coelorum,,,,,,,,,,,,Mus.Hs.15674,,,,,,,,Antiphons 8,,,A.VII.9,B.V.5,,,
E,2,5,Ave Regina coelorum,,,,,,,,,,,,Mus.Hs.15675/1,,,,,,,,Antiphons 9,,,A.VII.11,B.V.6,@Eybl1996 [p. 57],,
E,2,6,Ave Regina coelorum,,,,,,,,,,,,Mus.Hs.15675/2,,,,,,,,Antiphons 10,,,A.VII.6,,@Eybl1996 [p. 57],,
E,2,7,Ave Regina coelorum,,,,,,,,,,,,Mus.Hs.15676,,,,,,,,Antiphons 11,,,A.VII.10,B.V.7,,,
E,2,8,Ave Regina coelorum,,,,,,,,,(no shelfmark),I 17564,,Mus.Hs.15774,,,,,,,,Antiphons 12,,,A.VII.5,B.V.1,,,
E,3,L1,Regina coeli,,,,,,,,,,,,,,,,,,,,,,,,,"@BrtniceInv [p. 110, no. 1], @Strakova1963, @Strakova1965",,
E,3,L2,Regina coeli,,,,,,,,,,,,,,,,,,,,,,,,,"@BrtniceInv [p. 110, no. 2], @Strakova1963, @Strakova1965",,
E,4,1,Salve Regina,,,,,F 5/128,,,,,,,,,,XXXV E 142,,,,PL-KŁwnm Am-203 | CZ-Nlob 671,Antiphons 13,,,A.VII.13,,"@Pulkert1973 [vol. 1, p. 84, no. 31, p. 278, no. 651, vol. 2, p. 106f]",,CZ-Pkřiž old signature: 2264
E,4,2,Salve Regina,,,,,,,,,,,,,,,,,,,A-Ed K 8,,,,,,,,
E,4,3,Salve Regina,,,,,,,,,,,,,D 2/95,,,,,,,,,,,,,,
E,4,L1,Salve Regina,,"A.31.6, B.32.5",,,,,,,,,,,,,,,,,,,,,,,,,
E,4,L2,Salve Regina,,A.31.93,,A.121.11,,,,,,,,,,,,,,,,,,,,,"@KlosterneuburgInvA [p. 121, no. 11]",,A-KN source lost
E,5,1,Sub tuum praesidium,,,,,,,,,,,,Mus.Hs.15691/2,,,,,,,,,,,,,"@Armstrong1993 [pp. 118-121, 257, 283, 314f]",,
E,5,2,Sub tuum praesidium,,,,,,,,,,,,Mus.Hs.15692/2,,,,,,,,,,,,,"@Armstrong1993 [pp. 118-121, 257, 284, 315]",,
E,5,3,Sub tuum praesidium,,,,,,,,,,,,Mus.Hs.15693/2,,,,,,,,,,,,,"@Armstrong1993 [pp. 118-121, 257, 285, 316f]",,
E,5,4,Sub tuum praesidium,,,,,,,,,,,,Mus.Hs.15694/2,,,,,,,,,,,,,"@Armstrong1993 [pp. 118-121, 257, 286, 317], @Eybl1996 [p. 47]",,
E,5,5,Sub tuum praesidium,,,,,,,,,,,,Mus.Hs.15695/2,,,,,,,,,,,,,"@Armstrong1993 [pp. 118-121, 257, 287, 318], @Eybl1996 [p. 47, 49]",,
E,5,6,Sub tuum praesidium,,,,,,,,,,,,Mus.Hs.15696/2,,,,,,,,,,,,,"@Armstrong1993 [pp. 118-121, 257, 288, 318]",,
E,5,7,Sub tuum praesidium,,879/2,,,,,,,,,,,,,,,,,,,,,,,"@HerzogenburgInvA [p. 429, no. 26.59], @HerzogenburgInvB [fol. 205r, no. 30.53]",,
E,5,8,Sub tuum praesidium,,887,,,,,,,,,,,,,,,,,,,,,,,,,
E,5,9,Sub tuum praesidium,,,,,E 48/131/2,,,,,,,,,,,,,,A-Ed G 61/2,,,,,,,,probably by Schmidt
F,,1,Stabat mater,,,,,,,,,(no shelfmark),,,Mus.Hs.15725,,,,,,Mus.2968-D-509,,Sequences 1,,,A.VIII.1,B.VIII.4,@Eybl1996 [p. 58],,
F,,2,Stabat mater,1786,"A.24.11, B.28.11",,,,,,,,,,SA.67.H.5,,,,,Mus.ms. 22100 | Mus.ms. 22100/1 | Mus.ms. 30180,Mus.2968-D-5 | Mus.2968-D-515,US-Bp M.222.47 (2) | US-R ML96.C127 | RUS-Mk XI-433 | H-PH Mus.sacr.ant. T 1 | D-MÜs SANT Hs 4196 | D-MHjk ohne Signatur | D-LEm PM 7189 | I-Rama A-Mss-523,Sequences 2,,,A.VIII.2,B.VIII.3,"@Kiesewetter1847 [p. 84], @Riedel1979 [p. 282]",,A-H source lost
F,,3,Stabat mater,,,,,,,,,,I 1718,,,,1333,,,,Mus.2968-D-514,D-OB MO 814,Sequences 3,,,A.VIII.3,B.VIII.2,"@Stefan1985 [p. 252, no. 1393], @Haberkamp1986 [p. 207]",,
F,,4,Stabat mater,,,,,,,,,,,,,,,XXXV E 137 [550266970],XVI C 74 | XLVI A 266,,,,Sequences 4,,,A.VIII.4,B.VIII.1,,,CZ-Pkřiž old signature: 787
F,,5,Stabat mater,1785,"A.24.10, B.28.10",,,,,,,,,,,,,,,,,,Sequences 5,,,A.VIII.5,,@Riedel1979 [p. 282],,A-H source lost
F,,6,Stabat mater,,,,,,,,R 34,,,,,,,,,,,,,,,,,"@Pfiffig1975, @Blume1992 [vol. 1, p. 149f, vol. 2, p. 101–104]",,
F,,7,Stabat mater,,,,,,,,,,,,,,,,,,,D-OB MO 813,,,,,,@Haberkamp1986 [p. 207],,
F,,8,Stabat mater,,,,,,,,,,,,,,1332,,,,,,,,,,,@Stefan1985 [p. 252],,
G,,1,Litaniae lauretanae,,,,,,,,,,,,Mus.Hs.15691/1,,,,,,,,Litanies 8,,,A.IX.17,B.IX.1,"@Armstrong1993 [pp. 118-121, 257, 283, 314f]",,
G,,2,Litaniae lauretanae,1899,880,,,,,,,,,,Mus.Hs.15692/1,,,XXXV E 143,,,,D-OB MO 806,Litanies 16,,,A.IX.11,B.IX.2,"@HerzogenburgInvA [p. 400, no. 25.23], @Riedel1979 [p. 299], @Haberkamp1986 [p. 206], @Armstrong1993 [pp. 118-121, 257, 284, 315]",,CZ-Pkřiž old signature: 2300
G,,3,Litaniae lauretanae,,"A.26.22, B.30.13",,,,,,,,,,Mus.Hs.15693/1,,1518,XXXVI B 193 | XXXV E 148,,,,,"Litanies 3, Litanies 17",,,"A.IX.14, A.IX.16",B.IX.3,"@BrtniceInv [p. 109, no. 2], @Strakova1963, @Strakova1965, @Armstrong1993 [pp. 118-121, 257, 286, 316f]",,A-H source lost; one CZ-Pkřiž source by Reichenauer; old CZ-Pkřiž signatures: 2293 and 2306; in CZ-Pak by Sehling
G,,4,Litaniae lauretanae,,"A.26.21, B.30.12",III b 3 [600090618],,,,,,,,,Mus.Hs.15694/1,,,XXXV E 146,XXXII C 125,,,,Litanies 20,,,A.IX.19,B.IX.4,"@Eybl1996 [p. 47], @HerzogenburgInvA [p. 420, no. 26.21], @HerzogenburgInvB [fol. 200r, no. 30.12], @Armstrong1993 [pp. 118-121, 257, 286, 317]",,A-H source lost; CZ-Pkřiž old signature: 2304; A-HE source currently (2024-07) undiscoverable
G,,5,Litaniae lauretanae,1900,878,,"A.57.2, A.92.6",,,,,,,,Mus.Hs.15695/1,,,XXXV E 153,,,,,Litanies 1,,,A.IX.9,B.IX.5,"@KlosterneuburgInvA [p. 57, no. 2, p. 92, no. 6], @BrtniceInv [p. 109, no. 3], @Strakova1963, @Strakova1965, @Riedel1979 [p. 299], @Armstrong1993 [pp. 118-121, 257, 287, 318], @Eybl1996 [p. 47, 49]",,A-KN source lost; CZ-Pkřiž old signature: 2310
G,,6,Litaniae lauretanae,,"A.26.20, B.30.11",,,,,,,,,,Mus.Hs.15696/1,,,,,,,,Litanies 9,,,A.IX.6,B.IX.6,"@Armstrong1993 [pp. 118-121, 257, 288, 318]",,A-H source lost
G,,7,Litaniae lauretanae,1897,,,,,,,,,,,,,,XXXV E 144,,,,,Litanies 6,,,A.IX.20,,"@BrtniceInv [p. 109, no. 5], @Strakova1963, @Strakova1965, @Riedel1979 [p. 299]",,CZ-Pkřiž old signature: 2301
G,,8,Litaniae lauretanae,1898,"A.26.45, B.30.43",III b 3 [600090619],,,,,,,,,,,,XXXV E 152,,,,,Litanies 19,,,A.IX.15,,"@BrtniceInv [p. 111, no. 8], @Strakova1963, @Strakova1965, @Riedel1979 [p. 299]",,A-H source lost; CZ-Pkřiž old signature: 2310
G,,9,Litaniae lauretanae,,A.26.65,,,,,,,,,1095,,,,XXXV E 149,,,,CZ-K 126,Litanies 13,,,A.IX.5,,@Mitterschiffthaler1979 [p. 236],,A-H source lost; CZ-Pkřiž old signature: 2307
G,,10,Litaniae lauretanae,,876,,,,,,,,,1096,,,,XXXV E 150,,,,CZ-Bm A 3812 | CZ-K 127,Litanies 7,,,A.IX.1,,"@HerzogenburgInvA [p. 419, no. 26.19], @HerzogenburgInvB [fol. 200r, no. 30.10], @Mitterschiffthaler1979 [p. 236]",,CZ-Pkřiž old signature: 2308
G,,11,Litaniae lauretanae,,,,,,,,,,,1097,,,,XXXV E 154,,,,CZ-Bm A 3816 | CZ-K 125,Litanies 18,,,A.IX.8,,"@BrtniceInv [p. 109, no. 4], @HerzogenburgInvA [p. 400, no. 25.24], @Strakova1963, @Strakova1965, @Mitterschiffthaler1979 [p. 236]",,CZ-Pkřiž old signature: 2312
G,,12,Litaniae lauretanae,,,,,E 48/130,,,,,,,,,,,,,,,Litanies 5,,,A.IX.10,,,,
G,,13,Litaniae lauretanae,,,,,E 48/131/1,,,,,,,,,,,,,,A-Ed G 61/1,Litanies 4,,,A.IX.12,,,,probably by Schmidt
G,,14,Litaniae lauretanae,,,,197,,,,,,,,,,,,XVI C 75,,,,Litanies 2,,,A.IX.18,,"@KlosterneuburgInvA [p. 57, no. 5, p. 91, no. 5], @KlosterneuburgInvB [p. 386, no. 1], @KlosterneuburgInvC [vol. 1, p. 30, no. 34]",,
G,,15,Litaniae lauretanae,,877,,,,,,,,,,,,,,,,,,,,,,,"@HerzogenburgInvA [p. 429, no. 26.59], @HerzogenburgInvB [fol. 205r, no. 30.53]",,
G,,16,Litaniae lauretanae,,879/1,,,,,,,,,,,,,,,,,,,,,,,"@HerzogenburgInvA [p. 430, no. 26.61], @HerzogenburgInvB [fol. 205r, no. 30.55]",,
G,,17,Litaniae lauretanae,,,,,,,,,,,,,,,,,,,A-MT 52 L.,Litanies 15,,,A.IX.7,,,,
G,,18,Litaniae lauretanae,,,,,,,,,,,,,,,XXXV E 158 | XXXV E 155,,,,CZ-Pnm XLIX F 146,Litanies 10,,,A.IX.2,,,,CZ-Pkřiž old signatures: 2332 and 932
G,,19,Litaniae lauretanae,,,,,,,,,,,,,,,XXXV E 147,,,,,Litanies 12,,,A.IX.3,,,,CZ-Pkřiž old signature: 2305
G,,20,Litaniae lauretanae,,,,,,,,,,,,,,,XXXV E 151,,,,,Litanies 14,,,A.IX.4,,,,CZ-Pkřiž old signature: 2309
G,,21,Litaniae lauretanae,,,,,,,,,,,,,,,XXXV E 145,,,,,Litanies 11,,,A.IX.13,,,,CZ-Pkřiž old signature: 2302
G,,22,Litaniae de venerabili sacramento,,881,,,,,,,,,,,,,,,,,,,,,,,"@HerzogenburgInvA [p. 429, no. 26.57]",,
G,,L1,Litaniae,,,,,,,,,,,,,,,,,,,,,,,,,"@BrtniceInv [p. 109, no. 1], @Strakova1963, @Strakova1965",,
G,,L2,Litaniae lauretanae,,A.26.8,,,,,,,,,,,,,,,,,,,,,,,,,
G,,L3,Litaniae lauretanae,,"A.26.52, B.30.49",,,,,,,,,,,,,,,,,,,,,,,,,
G,,L4,Litaniae lauretanae et de venerabili sacramento,,"A.26.53, B.30.50",,,,,,,,,,,,,,,,,,,,,,,,,
G,,L5,Litaniae lauretanae et de venerabili sacramento,,"A.26.54, B.30.51",,,,,,,,,,,,,,,,,,,,,,,,,
G,,L6,Litaniae lauretanae,,"A.26.55, B.30.52",,,,,,,,,,,,,,,,,,,,,,,,,
G,,L7,Litaniae de venerabili sacramento,,A.26.56,,,,,,,,,,,,,,,,,,,,,,,,,
G,,L8,Litaniae lauretanae,,"A.26.60, B.30.54",,,,,,,,,,,,,,,,,,,,,,,,,
G,,L9,Litaniae lauretanae,,"A.26.62, B.30.56",,,,,,,,,,,,,,,,,,,,,,,,,
G,,L10,Litaniae,,,,A.91.2,,,,,,,,,,,,,,,,,,,,,"@KlosterneuburgInvA [p. 91, no. 2]",,A-KN source lost
G,,L11,Litaniae,,,,,,,,,,,,,,,,,,,,,,,,,@Kim1998 [p. 345f],,mentioned in the inventory of Nagyszombat
G,,S1,Litaniae lauretanae,,,,,,,,,,,,,,,,,,,A-Ed G 1,,,,,,,,"title page describes a vesper, but shelfmark contains a litany by Schmidt (same as A-Ed G 60)"
H,,1,Lamentationes Jeremiae Prophetae,,,,,,,,,,I 7364,,,,,,,,Mus.2968-E-502,,Miscellaneous 1,,,A.XII.1,B.XIII.8,,,
H,,2,Lectiones ad officium defunctorum,,,,,,,,,,,,Mus.Hs.15690,D 2/103,,,,,,,Miscellaneous 2,,,A.XII.2,B.XIII.2,@Eybl1996 [p. 56],,
H,,3,Te Deum,,,,,,,,,,,1091,,,,,,,,,Miscellaneous 3,,,A.XII.3,,@Mitterschiffthaler1979 [p. 237],,
H,,4,Martis und Irene Verbindung,,,,,,,VI,,,,,,,,,,,,,,,,,,"@Freeman1971, @Freeman1992 [p. 22, 25-28, 50]",,
I,,1,Sonata,,,,,,,,,,,,,,,,,"Mus.ms.autogr. Tuma, F. 1 M",Mus.2968-P-504,,,,,B.I.1,,@Vogg1951 [p. 170f],,
I,,2,Sonata,,B.45.23,,,,,,,(no shelfmark),,,Mus.Hs.3742/1,,,,,,,,,,,B.I.2,,@Schroeder1991,,A-H source lost
I,,3,Sonata,,,,,,,,,(no shelfmark),,,Mus.Hs.3743/3,,,,,,,,,,,B.I.3,,@Schroeder1991,,
I,,4,Sonata,,,,,,,,,(no shelfmark),,,Mus.Hs.3744/4,,,,,,,,,,,B.I.4,,"@Eybl1996 [p. 48], @Vogg1951 [p. 129-132]",,
I,,5,Sonata,,,,,,112,,,(no shelfmark),IX 23490,,Mus.Hs.3743/1 | Mus.Hs.3743/2,,,,,,,,,,,B.I.5,A.I.1,@Schroeder1991,,identical to movements 1 and 2 of sinfonia 2
I,,6,Sonata,,B.45.19,,,,,,,(no shelfmark),,,Mus.Hs.3741,,,,,,,,,,,B.I.6,,"@Schroeder1991, @Eybl1996 [p. 44], @HerzogenburgInvB [fol. 308v, no. 45.19], @Vogg1951 [p. 146-148]",,A-H source lost
I,,7,Sonata,,,,,,,,,(no shelfmark),,,Mus.Hs.3744/2,,,,,,,,,,,B.I.7,,"@Eybl1996 [p. 57], @Vogg1951 [p. 152-156]",,
I,,8,Sonata,,,,,,,,,(no shelfmark),,,Mus.Hs.3744/6,,,,,,,,,,,B.I.8,,"@Eybl1996 [p. 57], @Vogg1951 [p. 168-170]",,
I,,9,Sonata,,,,,,,V/1087,,,,,,D 2/102,,,,,,,,,,B.I.9,,"@MelkInv [vol. V, no. 1087], @Freeman1992 [p. 50]",,
I,,10,Sonata,,B.45.24,,,,,,,(no shelfmark),,,Mus.Hs.3742/2,,,,,,,,,,,B.I.10,,@Schroeder1991,,A-H source lost
I,,11,Sonata,,,,,,,V/1438,,(no shelfmark),IX 1834,,,,,,,,,D-Mbs Mus.ms. 8307 [450100635],,,,B.I.11,A.I.3,"@MelkInv [vol. V, no. 1438], @Fischer1912 [p. XXVII, no. 27], @Vogg1951 [p. 134-137]",,similar to 2nd/3rd movement of a sinfonia by Matthias Monn (no. 27)
I,,12,Sonata,,,,,,,,,(no shelfmark),IX 23489,,,,,,,,,,,,,B.I.12,A.I.2,,,
I,,13,Sonata,,,,,,,,,(no shelfmark),,,Mus.Hs.3744/3,,,,,,,,,,,B.I.13,,"@Eybl1996 [p. 45], @Vogg1951 [p. 126-129]",,
I,,14,Sonata,,,,,,,,,,IX 29191,,,,,,,,,,,,,B.I.14,,,,
I,,15,Sonata,,,,,,,,,(no shelfmark),,,Mus.Hs.3744/5,,,,XXXIV E 99/5,,,CZ-Bu RKPMus-0450.218,,,,B.I.15,,"@Tichy2014, @Eybl1996 [p. 44], @Vogg1951 [p. 149-152], @Tichy2019 [p. 240f]",,identical to movements 1 and 2 of sinfonia 11
I,,16,Sonata,,,,,,,,,(no shelfmark),,,Mus.Hs.3744/1,,,,,,,,,,,B.I.16,,"@Eybl1996 [p. 44], @Vogg1951 [p. 157-160]",,identical to movements 3 and 4 of sinfonia 12
I,,17,Sonata,,,,,,251/1,,,,,,,,,,,,,,,,,,,,,
I,,18,Sonata,,,,,,251/2,,,,,,,,,,,,,,,,,,,,,
I,,19,Sonata,,,,,,,,,,,,,,,,XLI B 55,,,,,,,,,,,
I,,20,Sonata,,,,,,,,,,,,,D 2/98,,,,,,D-Dl Mus.2968-O-500,,,,,,,,
I,,21,Sonata,,,,,,,,,,,,,,,,,,,D-Bsa SA 3852 | CZ-Pmua KZN 38,,,,,,,,
I,,22,Sonata,,,,,,,,,,,,,,,,,,,CZ-Bu RKPMus-0450.213,,,,,,"@Brown1996, @Tichy2014, @Tichy2019 [p. 242f]",,
I,,23,Sonata,,,,,,,,,,,,,D 2/96,,,,,,,,,,,,,,
I,,24,Sonata,,,,,,,,,,,,,D 2/97,,,,,,,,,,,,,,
I,,25,Sonata,,,,,,,,,,,,,D 2/99,,,,,,,,,,,,,,
I,,26,Sonata,,,,,,,,,,,,,D 2/100,,,,,,,,,,,,,,
I,,27,Sonata,,,,,,,,,,,,,D 2/101,,,,,,,,,,,,,,
I,,L1,Sonata,,,,,,,,,,,,,,,,,,,,,,,,,"@StPeterInv [p. 34, no. 41]",,
I,,L2,Sonata,,,,,,,,,,,,,,,,,,,,,,,,,"@StPeterInv [p. 34, no. 42]",,
I,,L3,Sonata,,B.45.20,,,,,,,,,,,,,,,,,,,,,,,,,
I,,L4,Sonata,,B.45.21,,,,,,,,,,,,,,,,,,,,,,,,,
I,,L5,Sonata,,B.45.22,,,,,,,,,,,,,,,,,,,,,,,,,
J,,1,Sinfonia,,,,,,,,,(no shelfmark),IX 5485,,,,,,,,Mus.2968-P-502,,,,,B.II.1,A.II.2,@Schroeder1991,,
J,,2,Sinfonia,,,,,,,,,(no shelfmark),IX 5486,,,,,,,,Mus.2968-P-513 | Mus.2968-U-500,,,,,B.II.2,A.II.1,,,movements 1 and 2 are sonata 5
J,,3,Sinfonia,,,,,,,,,(no shelfmark),IX 29189,,,,,,,,Mus.2968-P-511,,,,,B.II.3,A.II.13,,,
J,,4,Sinfonia,,,,,,253,,,(no shelfmark),IX 29172,,,,,,XXXIV E 99/2,,,CZ-Bu RKPMus-0450.215,,,,B.II.4,A.II.5,"@Tichy2014, @Tichy2019 [p. 240f]",,
J,,5,Sinfonia,,,,,,,,,(no shelfmark),IX 5484,,,,,,XXXVII B 688,,Mus.2968-P-505,,,,,B.II.5,A.II.4,@Schroeder1991,,
J,,6,Sinfonia,,,,,,,,,(no shelfmark),IX 5767,,,,,,,,Mus.2968-P-500,S-L Saml.Engelhart 492 | D-Mbs Mus.ms. 8307 [450100637],,,,B.II.6,A.II.12,@Vogg1951 [p. 234-238],,
J,,7,Sinfonia,,,,,,,,,(no shelfmark),IX 29178,,,,,,XXXIV E 99/4,,,CZ-Bu RKPMus-0450.217,,,,B.II.7,A.II.6,"@Tichy2014, @Tichy2019 [p. 240f]",,
J,,8,Sinfonia,,,,,,,,,(no shelfmark),IX 29180,,,,,,XXXIV E 99/6,,,CZ-Bu RKPMus-0450.219,,,,B.II.8,A.II.7,"@Tichy2014, @Tichy2019 [p. 240f]",,
J,,9,Sinfonia,,,,,,,,,(no shelfmark),IX 29181,,,,,,,,,,,,,B.II.9,A.II.8,,,no source given in Vogg
J,,10,Sinfonia,,,,,,,,,(no shelfmark),IX 5483,,,,,,,,Mus.2968-P-506,A-Sd A 854 | H-KE 2101,,,,B.II.10,A.II.3,@Schroeder1991,,no source given in Vogg
J,,11,Sinfonia,,,,,,252,,,(no shelfmark),IX 29182,,,,,,,,,,,,,B.II.11,A.II.10,,,movements 1 and 2 are sonata 15
J,,12,Sinfonia,,,,,,,,,(no shelfmark),IX 29183,,,,,,XXXIV E 99/1,Mus.ms. 9101/2 (3),,CZ-Bu RKPMus-0450.214,,,,B.II.12,A.II.9,"@Tichy2014, @Tichy2019 [p. 240f]",,movements 3 and 4 are sonata 16; CZ-Pn source contains 6 sonatas
J,,13,Sinfonia,,,,,,,,,(no shelfmark),IX 29188,,,,,,,,Mus.2968-N-1 | Mus.2968-N-1a | Mus.2968-P-514,,,,,B.II.13,A.II.11,"@StPeterInv [p. 34, no. 43], @Vogg1951 [p. 238-242]",,
J,,14,Sinfonia,,,,,,,,,,,,,,,,,55 MS 10052,,,,,,,,,,
J,,15,Sinfonia,,"A.42.24, B.46.24 ",,,,273,,,,,,,,,,,,,D-Bsa SA 3541 (7),,,,,,"@Harich1975 [p. 47, no. D.2], @StPeterInv [p. 33, no. 40], @Sherman2001 [p. 203]",,A-H source lost
J,,16,Sinfonia,,,,,,360,,,,,,,,,,,,Mus.2968-P-503,,,,,,,@Sherman2001 [p. 263],,
J,,17,Sinfonia,,,,,,,,V 1034,,,,,,,,,,,,,,,,,,,
J,,18,Sinfonia,,,,,,,,,,,,,,,,,,,S-Skma Alströmer saml. 170:2,,,,,,,,
J,,19,Sinfonia,,,,,,,,,,,,,,,,,,,H-KE 0/92,,,,,,"@BrtniceInv [p. 48, no. 4], @Strakova1963, @Strakova1965",,
J,,20,Sinfonia,,,,,,,,,,,,,,,,,Mus.ms. 22105,Mus.2968-P-507,,,,,,A.Anhang,,,
J,,21,Sinfonia,,,,,,,,,,,,,,,,,,,CZ-Bm A 13074,,,,,,"@RajhradInvA [p. 153, no. 42], @Tichy2014b",,
J,,L1,Sinfonia,,,,,,,,,,,,,,,,,,,,,,,,,"@BrtniceInv [p. 48, no. 1], @Strakova1963, @Strakova1965",,
J,,L2,Sinfonia,,,,,,,,,,,,,,,,,,,,,,,,,"@BrtniceInv [p. 48, no. 2], @Strakova1963, @Strakova1965",,
J,,L3,Sinfonia,,,,,,,,,,,,,,,,,,,,,,,,,"@BrtniceInv [p. 48, no. 5], @Strakova1963, @Strakova1965",,
J,,L4,Sinfonia,,B.45.14,,,,,,,,,,,,,,,,,,,,,,,,,
J,,L5,Sinfonia,,B.45.15,,,,,,,,,,,,,,,,,,,,,,,,,
J,,L6,Sinfonia,,B.45.16,,,,,,,,,,,,,,,,,,,,,,,,,
J,,L7,Sinfonia,,B.45.17,,,,,,,,,,,,,,,,,,,,,,,,,
J,,L8,Sinfonia,,B.45.18,,,,,,,,,,,,,,,,,,,,,,,,,
J,,L9,Sinfonia,,,,"A.80.5, A.145.5",,,,,,,,,,,,,,,,,,,,,"@KlosterneuburgInvA [p. 80, no. 5, p. 145, no. 5]",,A-KN source lost
J,,L10,Sinfonia,,,,,,,,,,,,,,,,,,,,,,,,,@Kellner1956 [p. 355],,mentioned in an inventory of A-KR from 1747
J,,S1,Sinfonia,,,,,,,,,,,,,,,,,,,D-Bhm RH 0655,,,,,,,,
K,,1,Partita,,,,,,,,,(no shelfmark),IX 29176,,,,,,,,,,,,,B.III.1,A.III.10,,,
K,,2,Partita,,,,,,,,,(no shelfmark),IX 29169,,,,,,,,Mus.2968-P-508,,,,,B.III.2,A.III.4,@Vogg1951 [p. 291-294],,
K,,3,Partita,,,,,,,,,(no shelfmark),IX 29186,,,,,,,,Mus.2968-P-515,,,,,B.III.3,A.III.14,,,
K,,4,Partita,,,,,,,,,(no shelfmark),IX 29177,,,,,,,,,,,,,B.III.4,A.III.11,,,
K,,5,Partita,,,,,,,,,(no shelfmark),IX 29173,,,,,,,,,,,,,B.III.5,A.III.3,,,
K,,6,Partita,,,,,,,,,(no shelfmark),IX 29185,,,,,,,,Mus.2968-P-516,,,,,B.III.6,A.III.13,,,
K,,7,Partita,,,,,,,,,(no shelfmark),IX 29187,,,,,,,,Mus.2968-P-512,,,,,B.III.7,A.III.15,,,
K,,8,Partita,,,,,,,,,(no shelfmark),IX 29171,,,,,,,,,,,,,B.III.8,A.III.6,,,
K,,9,Partita,,,,,H 50/175,,,,(no shelfmark),,,,,,,,,,D-KA Mus. Hs. 969,,,,B.III.9,,@Vogg1951 [p. 267ff],,
K,,10,Partita,,,,,,,,,(no shelfmark),IX 29184,,,,,,,,,,,,,B.III.10,A.III.12,,,
K,,11,Partita,,,,,,,,,(no shelfmark),IX 5488,,,,,,,,Mus.2968-P-501,,,,,B.III.11,A.III.1,"@BrtniceInv [p. 48, no. 3], @Strakova1963, @Strakova1965, @Schroeder1991",,
K,,12,Partita,,,,,,,,,(no shelfmark),IX 29175,,,,,,,,,,,,,B.III.12,A.III.9,,,
K,,13,Partita,,,,,,,,,(no shelfmark),IX 29170,,,,,,,,,,,,,B.III.13,A.III.5,,,
K,,14,Partita,,,,,,,,,(no shelfmark),IX 5766,,,,,,,,,,,,,B.III.14,A.III.7,,,
K,,15,Partita,,,,,,,,,(no shelfmark),IX 29190,,,,,,,,Mus.2968-P-509,,,,,B.III.15,A.III.16,,,
K,,16,Partita,,,,,,,,,(no shelfmark),IX 29174,,,,,,,,,,,,,B.III.16,A.III.8,,,
K,,17,Partita,,,,,,,,,,IX 29179,,,,,,,,,,,,,B.III.17,,,,
K,,18,Partita,,"A.42.28, B.46.28",,,,,,,(no shelfmark),IX 5487,,,,,,XXXIV E 99/3,,Mus.2968-P-510,CZ-Bu RKPMus-0450.216,,,,B.III.18,A.III.2,"@Schroeder1991, @Tichy2014, @Tichy2019 [p. 240f]",,A-H source lost
K,,19,Partita,,,,,,,,,,,,,,,,XXXIV E 93,,,,,,,,,@Bartos2018 [p. 348],,
K,,L1,Partita,,,,,,,,,,,,,,,,,,,,,,,,,"@Harich1975 [p. 48, no. D.9]",,
K,,L2,Partita,,,,,,,,,,,,,,,,,,,,,,,,,"@RajhradInvA [p. 181, no. 4], @Tichy2014b",,
K,,L3,Partita,,,,,,,,,,,,,,,,,,,,,,,,,"@RajhradInvA [p. 181, no. 5], @Tichy2014b",,
K,,L4,Partita,,,,,,,,,,,,,,,,,,,,,,,,,"@RajhradInvA [p. 181, no. 6], @Tichy2014b",,
K,,L5,Partita,,,,,,,,,,,,,,,,,,,,,,,,,"@RajhradInvA [p. 189, no. 80], @Tichy2014b",,
K,,L6,Partita,,"A.42.25, B.46.25 ",,,,,,,,,,,,,,,,,,,,,,,,,
K,,L7,Partita,,"A.42.26, B.46.26",,,,,,,,,,,,,,,,,,,,,,,,,
K,,L8,Partita,,"A.42.27, B.46.27",,,,,,,,,,,,,,,,,,,,,,,,,
L,,1,Orgelfuge,,,,,,,,,,,,Mus.Hs.24412,,,,,,,,,,,B.IV.1,,,,"as of 2025-04, the single known source is undiscoverable"
L,,2,Ouverture,,,,,,,,,,,,,,,,,,,"H-Gk AMC, T. 8.",,,,,,"@Bardos1980 [p. 526, no. 1415], @Brown1996",,
L,,3,Fuga,,,,,,,,,,,,,,,,,,,D-Bsa SA 3541 (5),,,,,,,,
L,,4,Trio and fuga,,,,,,,,,,,,,,,,,,,CZ-KRA (n.i.),,,,,,source in library undiscoverable as of 2025-05,,
L,,S1,Quodlibet,,,,,,,,,,,,,,,,,,,D-WWW K 7 Nr.40,,,,,,,,authorship due to provenance and genre unlikely
